{
    "m_Version": 7,
    "SpawnLocations": [
        {
            "Name": "Zargabad (South)",
            "Positions": [
                [
                    1157.183587,
                    0.0,
                    1839.618937
                ],
                [
                    1055.551387,
                    0.0,
                    1915.146107
                ],
                [
                    1269.043688,
                    0.0,
                    1968.965239
                ],
                [
                    1413.761858,
                    0.0,
                    1966.684217
                ],
                [
                    1559.747262,
                    0.0,
                    1903.829392
                ],
                [
                    1643.63818,
                    0.0,
                    1770.00944
                ]
            ],
            "UseCooldown": 1
        },
        {
            "Name": "Central Takistan",
            "Positions": [
                [
                    3698.0,
                    0.0,
                    5988.0
                ],
                [
                    4973.0,
                    0.0,
                    2436.0
                ],
                [
                    1101.0,
                    0.0,
                    2382.0
                ],
                [
                    1756.0,
                    0.0,
                    2027.0
                ]
            ],
            "UseCooldown": 1
        },
        {
            "Name": "Northern Region",
            "Positions": [
                [
                    10464.882027,
                    0.0,
                    10092.506911
                ],
                [
                    10437.95583,
                    0.0,
                    10041.412021
                ],
                [
                    10428.710088,
                    0.0,
                    10073.853221
                ],
                [
                    10409.731986,
                    0.0,
                    10024.542597
                ],
                [
                    8770.249227,
                    0.0,
                    8244.63321
                ],
                [
                    9939.707119,
                    0.0,
                    10203.334406
                ]
            ],
            "UseCooldown": 1
        }
    ],
    "StartingClothing": {
        "EnableCustomClothing": 1,
        "SetRandomHealth": 1,
        "Headgear": [
            "BaseballCap_Tan",
            "BaseballCap_Olive",
            "BeanieHat_Brown"
        ],
        "Glasses": [
            "Sunglasses",
            "AviatorGlasses"
        ],
        "Masks": [
            "Balaclava3Holes_Beige"
        ],
        "Tops": [
            "GorkaEJacket_Autumn",
            "TShirt_Beige",
            "TShirt_OrangeWhiteStripes",
            "FieldJacket_Green"
        ],
        "Vests": [],
        "Gloves": [],
        "Pants": [
            "CargoPants_Beige",
            "GorkaPants_Autumn",
            "CargoPants_Green"
        ],
        "Belts": [],
        "Shoes": [
            "CombatBoots_Beige",
            "CombatBoots_Brown",
            "CombatBoots_Green"
        ],
        "Armbands": [],
        "Backpacks": [
            "TortillaBag",
            "TaloonBag_Green",
            "DryBag_Yellow"
        ]
    },
    "EnableSpawnSelection": 1,
    "SpawnOnTerritory": 0,
    "StartingGear": {
        "EnableStartingGear": 1,
        "ApplyEnergySources": 0,
        "SetRandomHealth": 1,
        "UseUpperGear": 1,
        "UsePantsGear": 1,
        "UseBackpackGear": 1,
        "UseVestGear": 0,
        "UsePrimaryWeapon": 1,
        "UseSecondaryWeapon": 0,
        "UpperGear": [
            {
                "ClassName": "Rag",
                "Quantity": 4,
                "Attachments": []
            },
            {
                "ClassName": "BandageDressing",
                "Quantity": -1,
                "Attachments": []
            },
            {
                "ClassName": "Compass",
                "Quantity": -1,
                "Attachments": []
            },
            {
                "ClassName": "SteakKnife",
                "Quantity": -1,
                "Attachments": []
            },
            {
                "ClassName": "Chemlight_White",
                "Quantity": -1,
                "Attachments": []
            },
            {
                "ClassName": "SodaCan_Pipsi",
                "Quantity": -1,
                "Attachments": []
            }
        ],
        "PantsGear": [
            {
                "ClassName": "Canteen",
                "Quantity": -1,
                "Attachments": []
            },
            {
                "ClassName": "WaterBottle",
                "Quantity": -1,
                "Attachments": []
            }
        ],
        "BackpackGear": [
            {
                "ClassName": "Mag_AKM_30Rnd",
                "Quantity": -1,
                "Attachments": []
            },
            {
                "ClassName": "Mag_AKM_30Rnd",
                "Quantity": -1,
                "Attachments": []
            },
            {
                "ClassName": "TunaCan",
                "Quantity": -1,
                "Attachments": []
            },
            {
                "ClassName": "PeachesCan",
                "Quantity": -1,
                "Attachments": []
            }
        ],
        "VestGear": [],
        "PrimaryWeapon": {
            "ClassName": "AKM",
            "Quantity": 1,
            "Attachments": [
                "AK_PlasticBttstck",
                "AK_PlasticHndgrd",
                "Mag_AKM_30Rnd"
            ]
        },
        "SecondaryWeapon": {}
    },
    "UseLoadouts": 0,
    "MaleLoadouts": [
        {
            "Loadout": "PlayerSurvivorLoadout",
            "Chance": 1.0
        }
    ],
    "FemaleLoadouts": [
        {
            "Loadout": "PlayerSurvivorLoadout",
            "Chance": 1.0
        }
    ],
    "SpawnHealthValue": 100.0,
    "SpawnEnergyValue": 500.0,
    "SpawnWaterValue": 500.0,
    "EnableRespawnCooldowns": 1,
    "RespawnCooldown": 120,
    "TerritoryRespawnCooldown": 240,
    "PunishMultispawn": 1,
    "PunishCooldown": 120,
    "PunishTimeframe": 300,
    "CreateDeathMarker": 1,
    "BackgroundImagePath": "DayZExpansion/SpawnSelection/GUI/textures/wood_background.edds"
}
