{
    "m_Version": 7,
    "SpawnLocations": [
        {
            "Name": "Petropavlovsk-Sakhalinsky",
            "Positions": [
                [
                    6594.963379,
                    0.0,
                    12733.705078
                ],
                [
                    6610.970215,
                    0.0,
                    12935.047852
                ],
                [
                    6667.267578,
                    0.0,
                    13127.990234
                ],
                [
                    6637.166992,
                    0.0,
                    13410.698242
                ],
                [
                    6975.134766,
                    0.0,
                    13279.275391
                ],
                [
                    7146.789063,
                    0.0,
                    13358.914063
                ]
            ],
            "UseCooldown": 1
        },
        {
            "Name": "Aniva",
            "Positions": [
                [
                    12755.78418,
                    0.0,
                    7064.543945
                ],
                [
                    13084.819336,
                    0.0,
                    7530.130371
                ],
                [
                    12860.291992,
                    0.0,
                    7702.170898
                ],
                [
                    13428.8125,
                    0.0,
                    7629.255859
                ],
                [
                    13530.728516,
                    0.0,
                    7458.29248
                ],
                [
                    13702.34668,
                    0.0,
                    7900.063477
                ]
            ],
            "UseCooldown": 1
        },
        {
            "Name": "Burukan",
            "Positions": [
                [
                    6594.963379,
                    0.0,
                    12733.705078
                ],
                [
                    6610.970215,
                    0.0,
                    12935.047852
                ],
                [
                    6667.267578,
                    0.0,
                    13127.990234
                ],
                [
                    6637.166992,
                    0.0,
                    13410.698242
                ],
                [
                    6975.134766,
                    0.0,
                    13279.275391
                ],
                [
                    7146.789063,
                    0.0,
                    13358.914063
                ]
            ],
            "UseCooldown": 1
        },
        {
            "Name": "Nogovo",
            "Positions": [
                [
                    6594.963379,
                    0.0,
                    12733.705078
                ],
                [
                    12755.78418,
                    0.0,
                    7064.543945
                ],
                [
                    12860.291992,
                    0.0,
                    7702.170898
                ],
                [
                    6610.970215,
                    0.0,
                    12935.047852
                ],
                [
                    13084.819336,
                    0.0,
                    7530.130371
                ],
                [
                    6667.267578,
                    0.0,
                    13127.990234
                ]
            ],
            "UseCooldown": 1
        },
        {
            "Name": "Rudnogorsk",
            "Positions": [
                [
                    13239.754883,
                    0.0,
                    11867.707031
                ],
                [
                    13132.085938,
                    0.0,
                    12122.124023
                ],
                [
                    14053.529297,
                    0.0,
                    11872.839844
                ],
                [
                    13053.700195,
                    0.0,
                    12414.456055
                ],
                [
                    14055.693359,
                    0.0,
                    11583.552734
                ],
                [
                    14215.698242,
                    0.0,
                    11453.613281
                ]
            ],
            "UseCooldown": 1
        },
        {
            "Name": "Severomorsk",
            "Positions": [
                [
                    9338.84375,
                    0.0,
                    13356.694336
                ],
                [
                    9900.897461,
                    0.0,
                    13416.589844
                ],
                [
                    10193.813477,
                    0.0,
                    13449.232422
                ],
                [
                    8737.237305,
                    0.0,
                    13614.225586
                ],
                [
                    8594.275391,
                    0.0,
                    13653.040039
                ],
                [
                    10482.049805,
                    0.0,
                    13460.642578
                ]
            ],
            "UseCooldown": 1
        },
        {
            "Name": "Baykovo",
            "Positions": [
                [
                    14637.454102,
                    0.0,
                    9853.299805
                ],
                [
                    14593.762695,
                    0.0,
                    9320.987305
                ],
                [
                    14454.533203,
                    0.0,
                    9156.223633
                ],
                [
                    14709.013672,
                    0.0,
                    10496.27832
                ],
                [
                    14230.625977,
                    0.0,
                    9040.563477
                ],
                [
                    14278.936523,
                    0.0,
                    8777.439453
                ]
            ],
            "UseCooldown": 1
        },
        {
            "Name": "Bolotnoye",
            "Positions": [
                [
                    6594.963379,
                    0.0,
                    12733.705078
                ],
                [
                    6610.970215,
                    0.0,
                    12935.047852
                ],
                [
                    6667.267578,
                    0.0,
                    13127.990234
                ],
                [
                    6975.134766,
                    0.0,
                    13279.275391
                ],
                [
                    6637.166992,
                    0.0,
                    13410.698242
                ],
                [
                    7146.789063,
                    0.0,
                    13358.914063
                ]
            ],
            "UseCooldown": 1
        },
        {
            "Name": "Dudino",